Video URL,Video Title,Channel Title,Date
https://www.youtube.com/watch?v=MX6Y2KGjO-Q,Watched J. Cole - 7 Minute Drill (Lyrics),Vibe Music,2024-04-21 16:44:00
https://www.youtube.com/watch?v=qgT-quk3JEo,"Watched Build Anything With ChatGPT API, Here‚Äôs How",David Ondrej,2024-04-20 02:38:00
https://www.youtube.com/watch?v=tPUUfBuId4Y,Watched Why Lewis Hamilton's Driving Style Isn't Working,F1Unchained,2024-04-20 01:57:00
https://www.youtube.com/watch?v=bcZYHI1hCfs,Watched Nonstop CHAOS in China As Alpine's MELTDOWN Reaches A New Low!,F1 REVERSE,2024-04-19 19:23:00
https://www.youtube.com/watch?v=5ChkQKUzDCs,Watched Big projects are ditching TypeScript‚Ä¶ why?,Fireship,2024-04-18 19:00:00
https://www.youtube.com/watch?v=DtFwk4f3ewQ,Watched Adrian Newey is DONE with Red Bull & OPENS UP About Ferrari Move!,Formula Today,2024-04-18 18:52:00
https://www.youtube.com/watch?v=4Bmic2dZ6vQ,Watched Jim Carrey‚Äôs 1999 awards,Danny B,2024-04-18 18:50:00
https://www.youtube.com/watch?v=kxW62eMsw0k,Watched Figma to HTML and CSS export | Create a responsive website from Figma to code,teleportHQ,2024-04-17 19:20:00
https://www.youtube.com/watch?v=B_HR2R3xsnQ,Watched 5 Signs of an Inexperienced Self-Taught Developer (and how to fix),Travis Media,2024-04-17 18:57:00
https://www.youtube.com/watch?v=Sogp0VfjWHc,Watched Stroll's Career AT RISK with Aston Martin's GAME-CHANGING Newey Move!,F1 REVERSE,2024-04-17 18:55:00
https://www.youtube.com/watch?v=oeHmI3U5c6M,Watched Lewis Hamilton EXPLODES!,F14UONLY,2024-04-17 18:55:00
https://www.youtube.com/watch?v=gSSsZReIFRk,"Watched Next.js App Router: Routing, Data Fetching, Caching",Vercel,2024-04-17 02:19:00
https://www.youtube.com/watch?v=84caV_3RKgA,Watched [FIX] fatal: unable to access 'https://github.com/repo.git/': The requested url returned error: 403,THE PROTON GUY,2024-04-16 19:01:00
https://www.youtube.com/watch?v=7hN7m9AgDm0,Watched How to install Copilot in Visual Studio Code | Getting started with GitHub Copilot in VS Code,Research Rocks,2024-04-16 18:59:00
https://www.youtube.com/watch?v=jXp5D5ZnxGM,Watched Get to know GitHub Copilot in VS Code and be productive IMMEDIATELY,Visual Studio Code,2024-04-16 18:38:00
https://www.youtube.com/watch?v=0dSKt4DgnyA,Watched Github COPILOT install and setup with Visual Studio Code,SkillCurb,2024-04-16 18:22:00
https://www.youtube.com/watch?v=4mZnseVIaxQ,Watched BTSM Anime Show Live @ WAMU 2024,Black Tiger Sex Machine,2024-04-16 02:09:00
https://www.youtube.com/watch?v=veAb1fSp1Lk,"Watched tRPC, gRPC, GraphQL or REST: when to use what?",Software Developer Diaries,2024-04-15 02:03:00
https://www.youtube.com/watch?v=KaCl6rOF7Ak,Watched Spongebob Squarepants - Stepping On The Beach,AreaEightyNine,2024-04-14 19:53:00
https://www.youtube.com/watch?v=_J2CZKGBzT0,Watched When You A Regular At A Food Place,Trellevision,2024-04-12 22:01:00
https://www.youtube.com/watch?v=Sklc_fQBmcs,Watched Next.js in 100 Seconds // Plus Full Beginner's Tutorial,Fireship,2024-04-12 21:07:00
https://www.youtube.com/watch?v=wKP7QpZHwvE,Watched Color Changing BMW of the Future | iX Flow,Supercar Blondie,2024-04-11 19:21:00
https://www.youtube.com/watch?v=d5kAW1-CrMU,Watched Tom and Jerry - Solid Serenade,ghaddad7,2024-04-11 17:14:00
https://www.youtube.com/watch?v=BcuHKgW3vbE,Watched What Ferrari JUST REVEALED Is INSANE!,Formula Today,2024-04-10 19:31:00
https://www.youtube.com/watch?v=hOteg0J5teg,Watched THEY SAID IT WAS BULLETPROOF!!,JerryRigEverything,2024-04-10 19:29:00
https://www.youtube.com/watch?v=P-KUqtdohBY,Watched Lewis Hamilton's MEGA Ferrari contract LEAKED üí∏ #shorts,Bankroll Sports,2024-04-10 19:28:00
https://www.youtube.com/watch?v=uNQ_rSVWYGI,Watched Swagger Codegen in 20 minutes!,Ammar Sohail,2024-04-10 04:16:00
https://www.youtube.com/watch?v=ffnXYkOm1BI,Watched Seven things the Japanese GP revealed about F1 2024,THE RACE,2024-04-10 01:39:00
https://www.youtube.com/watch?v=bNSLvGEN11I,Watched This dude in his Tesla original,flickk,2024-04-07 19:55:00
https://www.youtube.com/watch?v=nP0Lw_ui4v0,Watched I didn‚Äôt realise you were chill like that,Tibby,2024-04-07 19:54:00
https://www.youtube.com/watch?v=mA1njaNWuOc,Watched Didn‚Äôt realize he was CHILL like that #shorts #skit #chill #tesla,McWilds,2024-04-07 19:53:00
https://www.youtube.com/watch?v=26Q-sWXmJmg,Watched Changing Tesla horn #daddychill,anothertesla,2024-04-07 19:53:00
https://www.youtube.com/watch?v=YN-8Ss8dzUk,Watched Didn't realize you were chill like that...,Conner Mather,2024-04-07 19:53:00
https://www.youtube.com/watch?v=wKP7QpZHwvE,Watched Color Changing BMW of the Future | iX Flow,Supercar Blondie,2024-04-06 19:41:00
https://www.youtube.com/watch?v=ttB4pUX-yIc,Watched The (Insane) Business of Lewis Hamilton,The Long Play,2024-04-04 22:42:00
https://www.youtube.com/watch?v=okJ1HrKf160,Watched HUGE Upgrades For Red Bull And Sergeant SCREWED By Williams!,F1 REVERSE,2024-04-04 22:40:00
https://www.youtube.com/watch?v=RX7d7q1zxs8,Watched A color changing BMW?! ü§Øü§©,Supercar Blondie,2024-04-04 02:36:00
https://www.youtube.com/watch?v=emh8ob4HtFg,Watched Color Changing Mercedes A-Class  - liquid wrap,Prodip¬Æ,2024-04-04 02:35:00
https://www.youtube.com/watch?v=VJgdOMXhEj0,"Watched Formula 1 cars, explained for rookies (with Max Verstappen)",Cleo Abram,2024-04-02 19:24:00
https://www.youtube.com/watch?v=D5mOkkEV7tg,Watched Red Bull's genius 'triple DRS' F1 trick explained,THE RACE,2024-04-02 19:16:00
https://www.youtube.com/watch?v=SIk1J42-PM8,Watched Red Bull SHOCKS The Grid with RADICAL UPGRADE In Japan!,F1 REVERSE,2024-04-02 19:14:00
https://www.youtube.com/watch?v=xjhVDeG--5Y,Watched DON'T PAY CASH AT CAR DEALERSHIPS! (Here's Why) - Car Dealer Reacts - Marko - WhiteBoard Finance,CarEdge,2024-03-26 21:01:00
https://www.youtube.com/watch?v=QBeI2-snZaQ,Watched Red Bull EXPECTING Verstappen's SHOCK DECISION?,F1 REVERSE,2024-03-26 20:54:00
https://www.youtube.com/watch?v=yLRBkn8s__I,Watched 7 Car Dealership Rip Offs You Should NEVER Pay For!,Marko - WhiteBoard Finance,2024-03-26 18:37:00
https://www.youtube.com/watch?v=S39yF-JF9Oo,Watched https://www.youtube.com/watch?v=S39yF-JF9Oo,Marko - WhiteBoard Finance,2024-03-25 19:29:00
https://www.youtube.com/watch?v=Vk1ww3eNSw4,Watched Snoqualmie River & Falls | Powerhouse | Kayak,Sam Morrison,2024-03-23 15:34:00
https://www.youtube.com/watch?v=lTcf-H_TYzs,Watched Bark at your dog üòÇüê∂,TikTok Most Watched,2024-03-22 03:31:00
https://www.youtube.com/watch?v=79PUJSpxu8Q,Watched Buying a Tesla in 2024 (Don't Do This!!),Everyday Chris,2024-03-20 21:51:00
https://www.youtube.com/watch?v=b6k515taprU,Watched BREAKING: Tesla Model Y Lowest Price EVER!!! Tesla's 2nd Price Change of 2024,Bearded Tesla Guy,2024-03-20 21:48:00
https://www.youtube.com/watch?v=zU7qR9Yx_v8,Watched 2023 Tesla Model Y ‚Äì Which One to Buy?,Autotrader,2024-03-20 21:46:00
https://www.youtube.com/watch?v=0aCTczXXlEw,Watched 2024 Tesla Model Y ‚Äì Which One to Buy?,Autotrader,2024-03-20 21:46:00
https://www.youtube.com/watch?v=CIdX_6IQYBA,Watched MASSIVE SHAKE UP At Aston Martin After Aramco's HUGE OFFER!,Formula Today,2024-03-20 21:45:00
https://www.youtube.com/watch?v=Ga6N3CIyvCE,Watched How to put dead Range Rover Evoque into neutral ( emergency gear reliever),Dadaba Rich ü§ë,2024-03-19 01:04:00
https://www.youtube.com/watch?v=uja9wMkU5C8,Watched How to put 2014 Range Rover in neutralÔøºÔøº,Tow Truck Therapy,2024-03-19 00:57:00
https://www.youtube.com/watch?v=s6ffoVE4h1g,Watched How to put a Range Rover Sport 2012 into neutral without battery power,Ihsan Oz,2024-03-19 00:57:00
https://www.youtube.com/watch?v=EofrQ5iPi7s,Watched How to put a Range Rover Evoque into Neutral when it‚Äôs stuck in gear Jaguar Land Rover,redram52,2024-03-19 00:57:00
https://www.youtube.com/watch?v=hXwfb1uRc5E,Watched How to get Range Rover evoque into neutral with no start,Zach Jaggassar,2024-03-19 00:56:00
https://www.youtube.com/watch?v=dsjBHSUCKyA,Watched How to Pass Interviews - Interview Preparation Masterclass ‚úì [High-Impact Interview Tips],Zach Jaggassar,2024-03-15 19:09:00
https://www.youtube.com/watch?v=Abi8kwkfZbA,Watched Don't Justify Your Prices. Do This Instead.,The Futur,2024-03-13 23:18:00
https://www.youtube.com/watch?v=Q5y3obTGuO0,Watched Ricciardo's SHOCKING PERFORMANCE Fuels Red Bull's Empty Seat MYSTERY!,F1 REVERSE,2024-03-13 22:56:00
https://www.youtube.com/watch?v=katVoI5h4Dc,Watched How to Create CUSTOM MUSIC in Mario Kart 8 Deluxe!,Jaime Shirazi,2024-03-11 00:56:00
https://www.youtube.com/watch?v=nqDDfaNyIjs,Watched How to Remove and Prevent Dog Tear Stains in 2022 |Tear Stains 101| The Poodle Mom,The Poodle Mom,2024-03-07 22:30:00
https://www.youtube.com/watch?v=Q0t0TLl6Bss,Watched Land Rover Range Rover Evoque turbo removal and replace,Nick Vendetti,2024-03-06 00:33:00
https://www.youtube.com/watch?v=hVz9NZT93eg,Watched HUGE UPDATE on Red Bull's PROBLEMS After LEAKED CONVERSATION!,Formula News Today,2024-03-06 00:28:00
https://www.youtube.com/watch?v=c_wGt7DKdTU,Watched FIX Diesel & Exhaust Smell in a Range Rover Evoque easily!,notthatkindofachannel,2024-03-05 22:37:00
https://www.youtube.com/watch?v=kKhB-zWSHms,Watched Range Rover Evoque Turbo Exhaust Manifold Replacement New Design,JEFFIX,2024-03-05 22:35:00
https://www.youtube.com/watch?v=BKxgfLImycw,Watched The Hot Seat: Lil Dicky Freestyle [Exclusive Video],Hot1079Philly,2024-03-04 02:30:00
https://www.youtube.com/watch?v=7sr3ThCPHWw,Watched https://www.youtube.com/watch?v=7sr3ThCPHWw,Hot1079Philly,2024-03-04 02:27:00
https://www.youtube.com/watch?v=rYn8VJ6bO-w,Watched Lil Dicky - Freestyle (Official Music Video),Tupitch Taylor Family,2024-03-04 02:27:00
https://www.youtube.com/watch?v=CzgjglZqS3Y,Watched Lil Dicky Freestyle on Sway In The Morning | SWAY‚ÄôS UNIVERSE,SWAY'S UNIVERSE,2024-03-04 02:20:00
https://www.youtube.com/watch?v=OSwi-PkbSIo,Watched Lil Dicky - Too High (Official Video),Lil Dicky,2024-03-04 02:15:00
https://www.youtube.com/watch?v=SqvwtuCTwrA,Watched DRY CLEAN CLOTHES AT HOME without WOOLITE OR DRYEL,BlueprintDIY,2024-03-01 23:18:00
https://www.youtube.com/watch?v=OWCe_4LMd4I,Watched Refresh Dry Clean-Only Clothes at Home,Rachael Ray Show,2024-03-01 23:16:00
https://www.youtube.com/watch?v=DaLJViNFuuY,Watched PEAKY BLINDERS S01 but it's only Tommy Shelby smoking,Lunattic,2024-03-01 02:45:00
https://www.youtube.com/watch?v=gHrS5X4nKbU,Watched Reacting to 21 Design Portfolios in 22 Minutes,Flux Academy,2024-02-29 23:24:00
https://www.youtube.com/watch?v=pSHlII9bSYc,Watched Ferrari Reveals HUGE UPDATE About SF-24 For Bahrain GP!,Formula Today,2024-02-29 19:53:00
https://www.youtube.com/watch?v=hASkG_m3iXE,Watched Horner & Red Bull's BIG REVENGE After PROVEN INNOCENT!,Formula Today,2024-02-29 19:44:00
https://www.youtube.com/watch?v=wzs-JaIqvSs,Watched Mercedes Find MASSIVE PROBLEM Ahead of the Bahrain Grand Prix!,F1 REVERSE,2024-02-29 19:44:00
https://www.youtube.com/watch?v=V0mrUslHrwM,Watched Alpine Preparing For WORST CAR On The Grid!,F1 REVERSE,2024-02-29 19:44:00
https://www.youtube.com/watch?v=STAyYYgZgjw,Watched Ford Drops HUGE BOMBSHELL On Redbull After Horner Investigation!,F1 Latest,2024-02-28 20:31:00
https://www.youtube.com/watch?v=1-FhA4PnRsA,Watched The Scary Truth About Max Verstappen - Nobody is Noticing,The Grid,2024-02-28 20:31:00
https://www.youtube.com/watch?v=k5Ymp-6QP18,Watched What Red Bull JUST FOUND Is SHOCKING!,Formula News Today,2024-02-28 20:22:00
https://www.youtube.com/watch?v=5Y6DLVlWyLA,Watched https://www.youtube.com/watch?v=5Y6DLVlWyLA,Formula News Today,2024-02-27 20:29:00
https://www.youtube.com/watch?v=s5sFMUxzEXc,Watched Mercedes REVEAL HUGE UPDATE for W15 after Testing! | F1,Overtake Fans,2024-02-27 20:21:00
https://www.youtube.com/watch?v=5R9jFHlG6ik,Watched Sidebar Navigation Menu Tutorial ReactJS - Beginner Navigation Tutorial,PedroTech,2024-02-25 21:23:00
https://www.youtube.com/watch?v=gHrS5X4nKbU,Watched Reacting to 21 Design Portfolios in 22 Minutes,Flux Academy,2024-02-24 00:15:00
https://www.youtube.com/watch?v=gHrS5X4nKbU,Watched Reacting to 21 Design Portfolios in 22 Minutes,Flux Academy,2024-02-23 06:27:00
https://www.youtube.com/watch?v=5R9jFHlG6ik,Watched Sidebar Navigation Menu Tutorial ReactJS - Beginner Navigation Tutorial,PedroTech,2024-02-23 06:18:00
https://www.youtube.com/watch?v=-e3-wtPmGLg,Watched How to create Sidebar in React js |Vite App | Responsive Sidebar Navigation in React with Ant design,Code Info,2024-02-23 06:16:00
https://www.youtube.com/watch?v=gHrS5X4nKbU,Watched Reacting to 21 Design Portfolios in 22 Minutes,Flux Academy,2024-02-21 22:04:00
https://www.youtube.com/watch?v=nlSgxeT2_dc,Watched Developer Portfolio Do's and Don'ts,Kenny Gunderman,2024-02-21 21:58:00
https://www.youtube.com/watch?v=Sfb2KNEC8_Y,Watched Create custom Scrollbar with CSS and React.js | Beginner Tutorial,WebChain Dev,2024-02-21 01:47:00
https://www.youtube.com/watch?v=CXa0f4-dWi4,Watched React Sidebar Navigation Menu Tutorial - Beginner React JS Project Using Hooks & Router,Brian Design,2024-02-21 01:46:00
https://www.youtube.com/watch?v=J2E99WNBEZs,Watched Red Bull‚Äôs DIRTY GAMES On Christian Horner REVEALED!,Formula 1 Live,2024-02-20 20:02:00
https://www.youtube.com/watch?v=bNoYp311kzk,Watched Toto Wolff Delivers Huge Blow To Mercedes' 2024 Hopes!,Formula 1 Live,2024-02-20 19:54:00
https://www.youtube.com/watch?v=4oyj_smPAjc,Watched Swiper JS Tutorial | Carousel Slider with SwiperJS,Adrian Twarog,2024-02-20 07:40:00
https://www.youtube.com/watch?v=_nvupFC0Qqw,Watched How to Install a Bidet with Hot Water (Hibbent),Apartment Maintenance Pro,2024-02-20 05:26:00
https://www.youtube.com/watch?v=OtqxDT0IlHI,Watched Responsive Slider | Swiper Slider 3D-Coverflow Effect React JS,cods,2024-02-17 06:52:00
https://www.youtube.com/watch?v=7LNl2JlZKHA,Watched How to Create a Flask + React Project | Python Backend + React Frontend,Arpan Neupane,2024-02-16 02:22:00
https://www.youtube.com/watch?v=q25i2CCNvis,Watched Export Python pygame Game to Web with WebAssembly (pygbag tutorial),Programming With Nick,2024-02-16 02:19:00
https://www.youtube.com/watch?v=I4DKr1JLC50,Watched Send Email With React (No Backend Required),ZinoTrust Academy,2024-02-16 02:13:00
https://www.youtube.com/watch?v=pHXHBHdTzrM,Watched You Can Create Beautiful Modern Emails With React!,developedbyed,2024-02-16 02:13:00
https://www.youtube.com/watch?v=D4pS4b9-DgA,Watched Create & Send Custom Emails with React Email & Resend,Colby Fayock,2024-02-16 02:11:00
https://www.youtube.com/watch?v=svcMTG9wbo0,Watched How to build Email Templates using React | Coding with Nylas,Nylas,2024-02-16 02:09:00
https://www.youtube.com/watch?v=IowGNftmmHk,Watched Mercedes Caught CHEATING For W15 ILLEGAL Front Wing!,Formula News Today,2024-02-15 20:36:00
https://www.youtube.com/watch?v=HDbqS7i6H2A,Watched Js Detect Browser Back Button,Udoh Unyime,2024-02-15 20:28:00
https://www.youtube.com/watch?v=uKRo1Re_B8c,Watched React Router Tutorial - 6 - Navigating Programmatically,Codevolution,2024-02-15 20:26:00
https://www.youtube.com/watch?v=H_Kz_c2Bkzg,Watched Lesson 13: Adding back button by using goBack method in react Hindi,NST Infotech,2024-02-15 20:25:00
https://www.youtube.com/watch?v=MzP8GSJbYr4,Watched Handle Back Button in React Native,Computer Science Tutorial,2024-02-15 20:25:00
https://www.youtube.com/watch?v=nOghiFQ2eC4,Watched 030 Handling the browser's back button,Information Technology,2024-02-15 20:23:00
https://www.youtube.com/watch?v=xnUZhfoOcRo,Watched How to Cut and Clean Leeks,Fork in the Kitchen,2024-02-15 03:24:00
https://www.youtube.com/watch?v=nOghiFQ2eC4,Watched 030 Handling the browser's back button,Information Technology,2024-02-14 22:32:00
https://www.youtube.com/watch?v=03rzGKtEZmw,Watched Ant Design UI library Integration with ReactJS | Ant Design Components usage in React JS,CodeWithAamir,2024-02-14 20:59:00
https://www.youtube.com/watch?v=IUkAJUgUHEM,Watched App Side Menu with Routes using Ant Design Menu and React Router DOM in ReactJS | Side Bar Tutorial,CodeWithAamir,2024-02-14 20:51:00
https://www.youtube.com/watch?v=1bJ_LkCJVP8,Watched Responsive NavBar | How to Create Responsive NavBar Using ReactJS and Ant Design | Menu Tutorial,CodeWithAamir,2024-02-14 20:51:00
https://www.youtube.com/watch?v=ikyZFXmZngg,"Watched Troubleshooting faucet hot water low pressure, low flow problem.",Fix It Depot,2024-02-12 09:31:00
https://www.youtube.com/watch?v=pG4Uax5f1Cs,Watched How To Fix Low Water Pressure In a Faucet,Mike Klimek,2024-02-12 09:29:00
https://www.youtube.com/watch?v=APQbw7wi0Sc,Watched How to Replace a Kitchen Faucet With a Single Handle | The Home Depot,The Home Depot,2024-02-12 09:13:00
https://www.youtube.com/watch?v=AEmlHdJPsb0,Watched Kitchen Faucet Have Low Pressure?,Chesmar Homes Harvest Hills,2024-02-12 06:24:00
https://www.youtube.com/watch?v=WJRf7dh5Zws,Watched JavaScript Framework Tier List,Theo - t3‚Ä§gg,2024-02-10 22:27:00
https://www.youtube.com/watch?v=m91v8HNZtTw,Watched What If Formula 1 Had No Rules?,Driver61,2024-02-10 22:12:00
https://www.youtube.com/watch?v=h-oVmlwC_IQ,Watched Formula 1 UNLEASHED: The Ultimate Journey Through Time!,F1 REVERSE,2024-02-10 22:12:00
https://www.youtube.com/watch?v=IyqM6pzCBsA,Watched Sauber REVEAL Secret Sauce from Winter Development!,F1 REVERSE,2024-02-10 22:03:00
https://www.youtube.com/watch?v=1GJHQydctRA,Watched Red Bull FALLING APART With New UPDATE On Horner Investigation!,F1 REVERSE,2024-02-10 21:52:00
https://www.youtube.com/watch?v=gvkqT_Uoahw,Watched React Native in 100 Seconds,Fireship,2024-02-09 21:12:00
https://www.youtube.com/watch?v=YysKbNk1tj0,Watched How to get started in React Native - Your First App! (Android & iOS),Indently,2024-02-09 21:05:00
https://www.youtube.com/watch?v=MruN43jw8GU,Watched Storyboard vs Code - Why I use Storyboards,CodeWithChris,2024-02-09 05:59:00
https://www.youtube.com/watch?v=yuo50-TiKgo,Watched Swift: Build Your First App (2024) - iOS for Beginners,iOS Academy,2024-02-09 05:26:00
https://www.youtube.com/watch?v=xXB4_tkYxuU,Watched How To Fix A Winged Scapula & Shoulder Blade (the actual root cause),Conor Harris,2024-02-09 04:21:00
https://www.youtube.com/watch?v=vYvOTGk7hOA,Watched How To Use ChatGPT To Learn ANY Skill Quickly (Tutorial),Charlie Chang,2024-02-09 04:10:00
https://www.youtube.com/watch?v=vhM0A58Q35I,Watched How to Become an iOS Developer - The Skills You Need,CodeWithChris,2024-02-09 01:17:00
https://www.youtube.com/watch?v=5yeLXvSoB00,Watched How I Got my First iOS Development Job With These 3 Tips,Everton Carneiro,2024-02-09 01:16:00
https://www.youtube.com/watch?v=lhtx0NZ7hJk,Watched Getting Started: An Overview of Xcode,iOS Academy,2024-02-09 01:15:00
https://www.youtube.com/watch?v=cmaV_E0PtRk,Watched Getting Started: Overview of Apple Developer Program,iOS Academy,2024-02-09 01:15:00
https://www.youtube.com/watch?v=Vqo36o9fSMM,"Watched Swift To Do List App for Beginners (Make First App, Xcode 14, 2023, iOS) - Swift 5",iOS Academy,2024-02-09 01:13:00
https://www.youtube.com/watch?v=C-5GeJiuZJQ,Watched Getting Started: Download and Setup Xcode,iOS Academy,2024-02-09 01:12:00
https://www.youtube.com/watch?v=hCMfyGOFMNs,Watched Getting Started: iOS At A Glance,iOS Academy,2024-02-09 01:12:00
https://www.youtube.com/watch?v=UC53g9VVDiI,Watched Getting Started: Swift At A Glance,iOS Academy,2024-02-09 01:12:00
https://www.youtube.com/watch?v=vmvb--mZQvg,Watched Getting Started With iOS & Swift: Welcome to the Course,iOS Academy,2024-02-09 01:11:00
https://www.youtube.com/watch?v=b1oC7sLIgpI,Watched SwiftUI Fundamentals | FULL COURSE | Beginner Friendly,Sean Allen,2024-02-09 00:31:00
https://www.youtube.com/watch?v=K0t-RCSlasE,Watched How to Make an App in 8 Days (2024) - Full Walkthrough,CodeWithChris,2024-02-09 00:30:00
https://www.youtube.com/watch?v=r-wkDztkB0E,Watched Swift Functions - Lesson 6 (2024 / SwiftUI),CodeWithChris,2024-02-09 00:30:00
https://www.youtube.com/watch?v=Hhf5pnWG1II,Watched Introduction to Swift Coding - Lesson 5 (2024 / SwiftUI),CodeWithChris,2024-02-09 00:29:00
https://www.youtube.com/watch?v=2Zi-looUuIA,Watched Starting The War Card Game App - Lesson 4 (2024 / SwiftUI),CodeWithChris,2024-02-09 00:28:00
https://www.youtube.com/watch?v=9823okRijgU,Watched How to push code to GitHub | 2024 Tutorial,Talking tech with Techielass,2024-02-09 00:12:00
https://www.youtube.com/watch?v=IX4_12SFxak,Watched How to Create a Repository in GitHub 2023,Talking tech with Techielass,2024-02-09 00:12:00
https://www.youtube.com/watch?v=PCvopT3Wnek,Watched How to Build a User Interface in Xcode - Lesson 3 (2024 / SwiftUI),CodeWithChris,2024-02-08 23:52:00
https://www.youtube.com/watch?v=DjjIZnM3jGo,Watched Microsoft COPILOT - Your New AI Best Friend,AI Revolution,2024-02-08 22:49:00
https://www.youtube.com/watch?v=hPVatUSvZq0,Watched GitHub Copilot in 7 Minutes üë®‚Äçüíªü§ñüöÄ,Developers Digest,2024-02-08 22:43:00
https://www.youtube.com/watch?v=Nuk3ADKC9Lw,Watched Microsoft Copilot Pro - Everything You Need to Know,Skill Leap AI,2024-02-08 22:31:00
https://www.youtube.com/watch?v=8dVLNxs0kTE,Watched Intro to Xcode 14 - Lesson 2 (2024 / SwiftUI),CodeWithChris,2024-02-08 21:03:00
https://www.youtube.com/watch?v=HJDCXdhQaP0,Watched How to Make an App - Lesson 1 (2024 / SwiftUI),CodeWithChris,2024-02-08 21:03:00
https://www.youtube.com/watch?v=nqTcAzPS3oc,Watched Build Your FIRST iOS App For Beginners (2024) ‚Äì Tutorial,iOS Academy,2024-02-08 20:44:00
https://www.youtube.com/watch?v=D-0HvXU1R-I,Watched Toto Wolff Opens Up on Mercedes‚Äô Future After Lewis Hamilton‚Äôs Move to Ferrari!,Formula 1 Live,2024-02-07 20:20:00
https://www.youtube.com/watch?v=kAU3EAG4RWM,Watched Ferrari SF-24 For 2024 is a GAME CHANGER!,Formula 1 Live,2024-02-07 20:11:00
https://www.youtube.com/watch?v=_r--3iNh1GU,Watched Hamilton's HUGE W15 Performance Test UPDATE! | F1,Overtake Fans,2024-02-07 20:03:00
https://www.youtube.com/watch?v=n5X_V81OYnQ,Watched Learn the Essentials of Swift in one hour,Paul Hudson,2024-02-07 18:13:00
https://www.youtube.com/watch?v=nAchMctX4YA,Watched Swift in 100 Seconds,Fireship,2024-02-07 18:09:00
https://www.youtube.com/watch?v=U-Y9HJzNhQ0,Watched Swift for Beginners: Create To Do List App (2024),iOS Academy,2024-02-07 18:07:00
https://www.youtube.com/watch?v=QqRz_8-0GVE,Watched Xcode Project folder structure | Best way to manage your files in Xcode,Silent Objects,2024-02-07 18:06:00
https://www.youtube.com/watch?v=b9I6VGzdAAw,Watched Finding Failed TPMS Sensor,Joey's Garage,2024-02-07 06:45:00
https://www.youtube.com/watch?v=KNOMTFIh9Vg,Watched TyreWatcher TPMS App - IOS Installation & Setup Guide,OBD2 Australia,2024-02-07 06:39:00
https://www.youtube.com/watch?v=8oSGpN_RZbA,Watched Download Schrader's TPMS App on an IOS device for the EZ-sensor Pad.,Schrader TPMS Solutions North America,2024-02-07 06:38:00
https://www.youtube.com/watch?v=nBqQ6xn6BQo,Watched Major iOS TPMS Programming App Update | What‚Äôs New?,Hamaton TPMS,2024-02-07 06:37:00
https://www.youtube.com/watch?v=bOLuRJaQIeI,Watched How TPMS Sensors Work: Quick Explanation of Both Systems!,Cars Simplified,2024-02-07 06:30:00
https://www.youtube.com/watch?v=qoIbpA52btU,Watched Replace TPMS with no special tools with out removing wheels!,Matt Rampone,2024-02-06 23:17:00
https://www.youtube.com/watch?v=yIWUz2UIKdw,Watched How To Replace TPMS (Tire Pressure Monitoring System) Sensors Without A Tire Machine.,Repair Geek,2024-02-06 23:12:00
https://www.youtube.com/watch?v=ySEnpu3AwbQ,Watched RANGE ROVER EVOQUE 2015 TYRE PRESSURES,TECH PAM,2024-02-06 23:12:00
https://www.youtube.com/watch?v=3rPOqU3pe_g,Watched Range Rover evoque Tire pressure monitoring fault light.(Need assistance),Long Wealth ,2024-02-06 23:10:00
https://www.youtube.com/watch?v=Cdk-UipWNG0,Watched How to Replace the Fender Liner,AutoMD,2024-02-06 22:55:00
https://www.youtube.com/watch?v=PpYeBa61x_Q,"Watched HOW TO KNOW WHICH TIRE PRESSURE SENSOR IS BAD ON A CAR, Easy",Auto Repair Guys,2024-02-06 22:19:00
https://www.youtube.com/watch?v=y3UurhoFF-I,Watched How To Diagnose And Repair The TPMS System,Jimthecarguy,2024-02-06 22:16:00
https://www.youtube.com/watch?v=Q0gj00t6t8g,Watched Land Rover Tire Pressure Monitoring System TPMS,DPCcars,2024-02-06 19:17:00
https://www.youtube.com/watch?v=nv8vLa3RwuI,Watched Tire Shaving Truing at Home for Perfect Balance,101 Plus,2024-02-06 02:13:00
https://www.youtube.com/watch?v=GAasIWzUJaU,Watched Tire Truing and/or Tire Shaving,Cody Killam,2024-02-06 02:11:00
https://www.youtube.com/watch?v=VIuC4UVXgBQ,Watched Adjusting height of fill valve when installed in tank,TheToilet Pro,2024-02-05 17:38:00
https://www.youtube.com/watch?v=lOllvXR0YEM,"Watched Easy, Step-By-Step Guide to Adjusting a Toilet Fill Valve | The Spruce #HowToAdjustToiletFloat",The Spruce,2024-02-05 17:37:00
https://www.youtube.com/watch?v=Jdc0i7RcBv8,Watched GitHub Foundations Certification Course ‚Äì Pass the exam in 10 hours!,freeCodeCamp.org,2024-02-05 01:37:00
https://www.youtube.com/watch?v=NqtbSQGyyuE,Watched Hamilton Creating MASSIVE DRAMA At Mercedes!,Formula News Today,2024-02-04 22:00:00
https://www.youtube.com/watch?v=kVWpBtRjkCk,Watched ReactJS Tutorial - 14 - Binding Event Handlers,Codevolution,2024-02-04 21:36:00
https://www.youtube.com/watch?v=PI4HKOi-TMk,Watched Toilet Tank Not Filling With Water? Easy Fill Valve Replacement.,Weekend Honey Do List,2024-02-04 13:56:00
https://www.youtube.com/watch?v=tuI94W8z5jg,Watched EASY WAY TO FIX a RUNNING TOILET Not Filling Up With Water | DIY REPAIR,DIY Power Couple,2024-02-04 06:39:00
https://www.youtube.com/watch?v=PEDvzfaNX4k,Watched How to Tie A Perfect Eldredge Necktie Knot,Ties.com¬Æ,2024-02-04 01:24:00
https://www.youtube.com/watch?v=gAkwW2tuIqE,Watched Learn Docker in 7 Easy Steps - Full Beginner's Tutorial,Fireship,2024-02-03 19:14:00
https://www.youtube.com/watch?v=A4HteoetD7Y,Watched Whiten Whites with OxiClean!,Clean My Space,2024-02-03 18:39:00
https://www.youtube.com/watch?v=nqTcAzPS3oc,Watched Build Your FIRST iOS App For Beginners (2024) ‚Äì Tutorial,iOS Academy,2024-02-03 00:05:00
https://www.youtube.com/watch?v=kVWpBtRjkCk,Watched ReactJS Tutorial - 14 - Binding Event Handlers,Codevolution,2024-02-02 20:47:00
https://www.youtube.com/watch?v=Znqv84xi8Vs,Watched ReactJS Tutorial - 13 - Event Handling,Codevolution,2024-02-02 20:39:00
https://www.youtube.com/watch?v=DDsmNTvbtf4,Watched All One Night Stand People Are Psychopaths | Jordan Peterson,MIND UPGRADING,2024-02-02 06:19:00
https://www.youtube.com/watch?v=i429ScYzwdI,Watched Speak Like A Leader: Make People Respect You,Charisma on Command,2024-02-02 06:00:00
https://www.youtube.com/watch?v=Uwl3-jBNEd4,Watched Renting vs. Buying a Home: The 5% Rule,Ben Felix,2024-02-02 05:44:00
https://www.youtube.com/watch?v=2JmfDKOyQcI,Watched Advice from the Top 1% of Software Engineer„Ö£Exaltitude Jean Lee,EO,2024-02-02 05:00:00
https://www.youtube.com/watch?v=Is3KsN82sRE,Watched Lewis Hamilton's stunning Ferrari F1 switch explained,THE RACE,2024-02-02 04:49:00
https://www.youtube.com/watch?v=1Sf79delKxA,Watched Trying to find how exhaust fumes are entering the cabin.,Mircea Morariu,2024-02-01 23:10:00
https://www.youtube.com/watch?v=XsT7UsMkEpw,Watched Diesel Range Rover Velar Exhaust Leak Makes Driver Sleepy,"Alex, The Car Doctor",2024-02-01 23:09:00
https://www.youtube.com/watch?v=c_wGt7DKdTU,Watched FIX Diesel & Exhaust Smell in a Range Rover Evoque easily!,notthatkindofachannel,2024-02-01 22:36:00
https://www.youtube.com/watch?v=UldlcFkxoRI,Watched SYMPTOMS OF A BAD BRAKE LIGHT SWITCH,EasyAutoFix,2024-02-01 22:13:00
https://www.youtube.com/watch?v=7c9_-ByC0ow,Watched SYMPTOMS OF A BAD SHIFT INTERLOCK SOLENOID,EasyAutoFix,2024-02-01 22:12:00
https://www.youtube.com/watch?v=b8dHuv8XYKY,Watched Honda CRV 1999 auto Spark Plugs removal and replacement,DaringBeefcake,2024-02-01 21:27:00
https://www.youtube.com/watch?v=Znqv84xi8Vs,Watched ReactJS Tutorial - 13 - Event Handling,Codevolution,2024-01-31 22:07:00
https://www.youtube.com/watch?v=5_PdMS9CLLI,Watched ReactJS Tutorial - 12 - Destructuring props and state,Codevolution,2024-01-31 22:01:00
https://www.youtube.com/watch?v=Jx2KXGbQkYM,Watched How To Do Skaters,Get Healthy U - with Chris Freytag,2024-01-30 20:51:00
https://www.youtube.com/watch?v=ZFlu2wD3eCw,Watched How to set a red screen filter on iPhone to block blue and green light at night ‚Äì sleep & melatonin,Hynek Medricky,2024-01-30 09:32:00
https://www.youtube.com/watch?v=kAOuzkI9LsI,Watched Andrew Huberman's FULL Morning Routine,Goal Guys,2024-01-30 09:31:00
https://www.youtube.com/watch?v=Cla1WwguArA,Watched ReactJS Tutorial - 5 - Functional Components,Codevolution,2024-01-30 06:41:00
https://www.youtube.com/watch?v=Y2hgEGPzTZY,Watched ReactJS Tutorial - 4 - Components,Codevolution,2024-01-30 06:41:00
https://www.youtube.com/watch?v=5_PdMS9CLLI,Watched ReactJS Tutorial - 12 - Destructuring props and state,Codevolution,2024-01-30 06:40:00
https://www.youtube.com/watch?v=uirRaVjRsf4,Watched ReactJS Tutorial - 11 - setState,Codevolution,2024-01-30 06:11:00
https://www.youtube.com/watch?v=d59nAwmdoLk,Watched How To Pass ANY Azure Certification in 2024 | Complete Guide,Travis Media,2024-01-30 01:04:00
https://www.youtube.com/watch?v=4ORZ1GmjaMc,Watched ReactJS Tutorial - 10 - State,Codevolution,2024-01-30 00:11:00
https://www.youtube.com/watch?v=m7OWXtbiXX8,Watched ReactJS Tutorial - 9 - Props,Codevolution,2024-01-29 23:49:00
https://www.youtube.com/watch?v=7fPXI_MnBOY,Watched ReactJS Tutorial - 8 - JSX,Codevolution,2024-01-29 23:32:00
https://www.youtube.com/watch?v=oecI26cWqzk,Watched ReactJS Tutorial - 7 - Hooks Update,Codevolution,2024-01-29 23:27:00
https://www.youtube.com/watch?v=lnV34uLEzis,Watched ReactJS Tutorial - 6 - Class Components,Codevolution,2024-01-29 21:29:00
https://www.youtube.com/watch?v=9VIiLJL0H4Y,Watched ReactJS Tutorial - 3 - Folder Structure,Codevolution,2024-01-29 21:03:00
https://www.youtube.com/watch?v=9hb_0TZ_MVI,Watched ReactJS Tutorial - 2 - Hello World,Codevolution,2024-01-29 20:30:00
https://www.youtube.com/watch?v=QFaFIcGhPoM,Watched ReactJS Tutorial - 1 - Introduction,Codevolution,2024-01-29 20:22:00
https://www.youtube.com/watch?v=wSAfh56qcws,Watched James Allison Unveils Latest Details About Mercedes W15!,Formula Action,2024-01-26 15:27:00
